Workbook

Sheet Raw Data Set
A1: Transaction_ID | B1: Customer_Type | C1: Region | D1: Sales_Amount | E1: Units_Sold | F1: Discount_Code | G1: Account_Age_Days | H1: Applied_Discount_Pct | I1: Eligible_For_Bonus_Discount | J1: Final_Net_Sales | K1: Account_Tier
A2: TXN-101 | B2: Enterprise | C2: North | D2: 12500 | E2: 15 | F2: SAVE10 | G2: 420 | H2: =INDEX('Reference Discount Matrix'!$B$2:$B$5,MATCH('Raw Data Set'!$F$2:$F$11,'Reference Discount Matrix'!$A$2:$A$5,0)) -> 0.1 | I2: =IF(OR(AND(B2="Enterprise",G2>365),AND(D2>10000,E2>=15)),"YES","NO") -> YES | J2: =IF(I2="YES",D2*(1-H2-0.05),D2*(1-H2)) -> 10625 | K2: =IF(G2<90,"New Account",IF(G2<=365,"Established",IF(G2<=720,"Mature","Legacy_VIP"))) -> Mature
A3: TXN-102 | B3: Retail | C3: South | D3: 450 | E3: 2 | F3: NONE | G3: 45 | H3: =INDEX('Reference Discount Matrix'!$B$2:$B$5,MATCH('Raw Data Set'!$F$2:$F$11,'Reference Discount Matrix'!$A$2:$A$5,0)) -> 0 | I3: =IF(OR(AND(B3="Enterprise",G3>365),AND(D3>10000,E3>=15)),"YES","NO") -> NO | J3: =IF(I3="YES",D3*(1-H3-0.05),D3*(1-H3)) -> 450 | K3: =IF(G3<90,"New Account",IF(G3<=365,"Established",IF(G3<=720,"Mature","Legacy_VIP"))) -> New Account
A4: TXN-103 | B4: SMB | C4: East | D4: 3200 | E4: 8 | F4: SAVE15 | G4: 180 | H4: =INDEX('Reference Discount Matrix'!$B$2:$B$5,MATCH('Raw Data Set'!$F$2:$F$11,'Reference Discount Matrix'!$A$2:$A$5,0)) -> 0.15 | I4: =IF(OR(AND(B4="Enterprise",G4>365),AND(D4>10000,E4>=15)),"YES","NO") -> NO | J4: =IF(I4="YES",D4*(1-H4-0.05),D4*(1-H4)) -> 2720 | K4: =IF(G4<90,"New Account",IF(G4<=365,"Established",IF(G4<=720,"Mature","Legacy_VIP"))) -> Established
A5: TXN-104 | B5: Enterprise | C5: West | D5: 28000 | E5: 35 | F5: VIP20 | G5: 730 | H5: =INDEX('Reference Discount Matrix'!$B$2:$B$5,MATCH('Raw Data Set'!$F$2:$F$11,'Reference Discount Matrix'!$A$2:$A$5,0)) -> 0.2 | I5: =IF(OR(AND(B5="Enterprise",G5>365),AND(D5>10000,E5>=15)),"YES","NO") -> YES | J5: =IF(I5="YES",D5*(1-H5-0.05),D5*(1-H5)) -> 21000 | K5: =IF(G5<90,"New Account",IF(G5<=365,"Established",IF(G5<=720,"Mature","Legacy_VIP"))) -> Legacy_VIP
A6: TXN-105 | B6: Retail | C6: North | D6: 850 | E6: 4 | F6: SAVE10 | G6: 90 | H6: =INDEX('Reference Discount Matrix'!$B$2:$B$5,MATCH('Raw Data Set'!$F$2:$F$11,'Reference Discount Matrix'!$A$2:$A$5,0)) -> 0.1 | I6: =IF(OR(AND(B6="Enterprise",G6>365),AND(D6>10000,E6>=15)),"YES","NO") -> NO | J6: =IF(I6="YES",D6*(1-H6-0.05),D6*(1-H6)) -> 765 | K6: =IF(G6<90,"New Account",IF(G6<=365,"Established",IF(G6<=720,"Mature","Legacy_VIP"))) -> Established
A7: TXN-106 | B7: SMB | C7: South | D7: 5100 | E7: 12 | F7: NONE | G7: 310 | H7: =INDEX('Reference Discount Matrix'!$B$2:$B$5,MATCH('Raw Data Set'!$F$2:$F$11,'Reference Discount Matrix'!$A$2:$A$5,0)) -> 0 | I7: =IF(OR(AND(B7="Enterprise",G7>365),AND(D7>10000,E7>=15)),"YES","NO") -> NO | J7: =IF(I7="YES",D7*(1-H7-0.05),D7*(1-H7)) -> 5100 | K7: =IF(G7<90,"New Account",IF(G7<=365,"Established",IF(G7<=720,"Mature","Legacy_VIP"))) -> Established
A8: TXN-107 | B8: Enterprise | C8: East | D8: 9400 | E8: 10 | F8: SAVE15 | G8: 150 | H8: =INDEX('Reference Discount Matrix'!$B$2:$B$5,MATCH('Raw Data Set'!$F$2:$F$11,'Reference Discount Matrix'!$A$2:$A$5,0)) -> 0.15 | I8: =IF(OR(AND(B8="Enterprise",G8>365),AND(D8>10000,E8>=15)),"YES","NO") -> NO | J8: =IF(I8="YES",D8*(1-H8-0.05),D8*(1-H8)) -> 7990 | K8: =IF(G8<90,"New Account",IF(G8<=365,"Established",IF(G8<=720,"Mature","Legacy_VIP"))) -> Established
A9: TXN-108 | B9: Retail | C9: West | D9: 120 | E9: 1 | F9: NONE | G9: 15 | H9: =INDEX('Reference Discount Matrix'!$B$2:$B$5,MATCH('Raw Data Set'!$F$2:$F$11,'Reference Discount Matrix'!$A$2:$A$5,0)) -> 0 | I9: =IF(OR(AND(B9="Enterprise",G9>365),AND(D9>10000,E9>=15)),"YES","NO") -> NO | J9: =IF(I9="YES",D9*(1-H9-0.05),D9*(1-H9)) -> 120 | K9: =IF(G9<90,"New Account",IF(G9<=365,"Established",IF(G9<=720,"Mature","Legacy_VIP"))) -> New Account
A10: TXN-109 | B10: SMB | C10: North | D10: 7800 | E10: 18 | F10: VIP20 | G10: 540 | H10: =INDEX('Reference Discount Matrix'!$B$2:$B$5,MATCH('Raw Data Set'!$F$2:$F$11,'Reference Discount Matrix'!$A$2:$A$5,0)) -> 0.2 | I10: =IF(OR(AND(B10="Enterprise",G10>365),AND(D10>10000,E10>=15)),"YES","NO") -> NO | J10: =IF(I10="YES",D10*(1-H10-0.05),D10*(1-H10)) -> 6240 | K10: =IF(G10<90,"New Account",IF(G10<=365,"Established",IF(G10<=720,"Mature","Legacy_VIP"))) -> Mature
A11: TXN-110 | B11: Enterprise | C11: South | D11: 16200 | E11: 20 | F11: SAVE10 | G11: 600 | H11: =INDEX('Reference Discount Matrix'!$B$2:$B$5,MATCH('Raw Data Set'!$F$2:$F$11,'Reference Discount Matrix'!$A$2:$A$5,0)) -> 0.1 | I11: =IF(OR(AND(B11="Enterprise",G11>365),AND(D11>10000,E11>=15)),"YES","NO") -> YES | J11: =IF(I11="YES",D11*(1-H11-0.05),D11*(1-H11)) -> 13770 | K11: =IF(G11<90,"New Account",IF(G11<=365,"Established",IF(G11<=720,"Mature","Legacy_VIP"))) -> Mature
D17: =VLOOKUP("TXN-109",A2:K11,11,FALSE) -> Mature

Sheet Reference Discount Matrix
A1: Discount_Code | B1: Discount_Pct | C1: Min_Units_Required
A2: NONE | B2: 0 | C2: 0
A3: SAVE10 | B3: 0.1 | C3: 3
A4: SAVE15 | B4: 0.15 | C4: 5
A5: VIP20 | B5: 0.2 | C5: 10

Sheet Messy Sales Logs
A1: Transaction_ID | B1: Customer_Code | C1: Region_Raw | D1: Gross_Amount | E1: Account_Manager | F1: Client_Name
A2: TXN-201 | B2: CUST-881 | C2: NORTH-US | D2: 15000 | E2: =INDEX('Master Tier Reference'!D$2:D$5,MATCH(TRIM('Messy Sales Logs'!B$2:B$6),'Master Tier Reference'!A$2:A$5,0)) -> Rachel Adams | F2: =INDEX('Master Tier Reference'!$B$2:$B$5,MATCH(TRIM('Messy Sales Logs'!$B$2:$B$6),'Master Tier Reference'!$A$2:$A$5,0)) -> Apex Tech
A3: TXN-202 | B3: CUST-412 | C3: South-US | D3: 2300 | E3: =INDEX('Master Tier Reference'!D$2:D$5,MATCH(TRIM('Messy Sales Logs'!B$2:B$6),'Master Tier Reference'!A$2:A$5,0)) -> Mark Thorne | F3: =INDEX('Master Tier Reference'!$B$2:$B$5,MATCH(TRIM('Messy Sales Logs'!$B$2:$B$6),'Master Tier Reference'!$A$2:$A$5,0)) -> Beta Logistics
A4: TXN-203 | B4: CUST-905 | C4: EAST-US | D4: 8400 | E4: =INDEX('Master Tier Reference'!D$2:D$5,MATCH(TRIM('Messy Sales Logs'!B$2:B$6),'Master Tier Reference'!A$2:A$5,0)) -> David Miller | F4: =INDEX('Master Tier Reference'!$B$2:$B$5,MATCH(TRIM('Messy Sales Logs'!$B$2:$B$6),'Master Tier Reference'!$A$2:$A$5,0)) -> Global Dynamics
A5: TXN-204 | B5: CUST-881 | C5: West-US | D5: 31000 | E5: =INDEX('Master Tier Reference'!D$2:D$5,MATCH(TRIM('Messy Sales Logs'!B$2:B$6),'Master Tier Reference'!A$2:A$5,0)) -> Rachel Adams | F5: =INDEX('Master Tier Reference'!$B$2:$B$5,MATCH(TRIM('Messy Sales Logs'!$B$2:$B$6),'Master Tier Reference'!$A$2:$A$5,0)) -> Apex Tech
A6: TXN-205 | B6: CUST-104 | C6: NORTH-US | D6: 420 | E6: =INDEX('Master Tier Reference'!D$2:D$5,MATCH(TRIM('Messy Sales Logs'!B$2:B$6),'Master Tier Reference'!A$2:A$5,0)) -> Sarah Jenkins | F6: =INDEX('Master Tier Reference'!$B$2:$B$5,MATCH(TRIM('Messy Sales Logs'!$B$2:$B$6),'Master Tier Reference'!$A$2:$A$5,0)) -> Acme Corp

Sheet Master Tier Reference
A1: Client_ID | B1: Client_Name | C1: Tier_Level | D1: Account_Manager
A2: CUST-104 | B2: Acme Corp | C2: Bronze | D2: Sarah Jenkins
A3: CUST-412 | B3: Beta Logistics | C3: Silver | D3: Mark Thorne
A4: CUST-881 | B4: Apex Tech | C4: Gold | D4: Rachel Adams
A5: CUST-905 | B5: Global Dynamics | C5: Platinum | D5: David Miller

Sheet Daily Revenue Stream
A1: Day | B1: Store_A_Revenue | C1: Store_B_Revenue | F1: Challenge Task 3: Central Tendency & Outlier Sensitivity
A2: Day 1 | B2: 12000 | C2: 4500 | F2: Challenge Task 4: Variance & Risk Assessment
A3: Day 2 | B3: 13500 | C3: 4700
A4: Day 3 | B4: 11800 | C4: 4600
A5: Day 4 | B5: 12200 | C5: 4800
A6: Day 5 | B6: 45000 | C6: 4900
A7: Day 6 | B7: 12900 | C7: 4400
A8: Day 7 | B8: 13100 | C8: 5100
C11: MEDIAN | D11: MEAN | E11: SKEW
B12: Store_A_Revenue | C12: =MEDIAN(B2:B8) -> 12900 | D12: =AVERAGE(B2:B8) -> 17214.286 | E12: =SKEW(B2:B8) -> 2.6315863 | G12: Insight: Positive skewness indicates that most daily revenue clusters around lower values with occasional high spikes.
B13: Store_B_Revenue | C13: =MEDIAN(C2:C8) -> 4700 | D13: =AVERAGE(C2:C8) -> 4714.2857 | E13: =SKEW(C2:C8) -> 0.36727694
B15: Insight: Store A is having the skewness because of DAY 5 revenue is an outlier. It pulls the mean upward and making the median a better measure of normal daily performance.
C17: Sample Variance | D17: Sample Standard Deviation
B18: Store_A_Revenue | C18: =_xlfn.VAR.S(B2:B8) -> 1.5050476e+08 | D18: =_xlfn.STDEV.S(B2:B8) -> 12268.038
B19: Store_B_Revenue | C19: =_xlfn.VAR.S(C2:C8) -> 58095.238 | D19: =_xlfn.STDEV.S(C2:C8) -> 241.02954
C21: Coefficient of Variation (CV)
B22: Store_A_Revenue | C22: =D18/D12 -> 0.71266612
B23: Store_B_Revenue | C23: =D19/D13 -> 0.051127478
B25: Insight: Store A displays massive operational volatility compared to Store B's consistent revenue stream.
